{"Decision Tree": [0.9385964912280702, 0.9285714285714286, 0.9069767441860465, 0.9176470588235294], "Logistic Regression": [0.9736842105263158, 0.9761904761904762, 0.9534883720930233, 0.9647058823529412], "Random Forest": [0.9649122807017544, 0.975609756097561, 0.9302325581395349, 0.9523809523809523], "SVM": [0.9736842105263158, 0.9761904761904762, 0.9534883720930233, 0.9647058823529412]}